{"cameraMode":{"drawMode":0,"name":"Shaded","section":"Shading Mode"},"sceneLighting":true,"audioPlay":false,"sceneViewState":{"m_AlwaysRefresh":false,"showFog":true,"showSkybox":true,"showFlares":true,"showImageEffects":true,"showParticleSystems":true,"showVisualEffectGraphs":true,"m_FxEnabled":true},"in2DMode":false,"pivot":{"x":1081.5172119140625,"y":-146.18453979492188,"z":64.82884979248047},"rotation":{"x":0.13523367047309876,"y":0.6862252950668335,"z":-0.13213896751403809,"w":0.7024523019790649},"size":620.5930786132813,"orthographic":false}