{"cameraMode":{"drawMode":0,"name":"Shaded","section":"Shading Mode"},"sceneLighting":true,"audioPlay":false,"sceneViewState":{"m_AlwaysRefresh":false,"showFog":true,"showSkybox":true,"showFlares":true,"showImageEffects":true,"showParticleSystems":true,"showVisualEffectGraphs":true,"m_FxEnabled":true},"in2DMode":false,"pivot":{"x":512.0204467773438,"y":16.711734771728517,"z":543.4905395507813},"rotation":{"x":-0.17214927077293397,"y":-0.11997371912002564,"z":0.021089065819978715,"w":-0.9775573015213013},"size":456.03485107421877,"orthographic":false}