{"cameraMode":{"drawMode":0,"name":"Shaded","section":"Shading Mode"},"sceneLighting":true,"audioPlay":false,"sceneViewState":{"m_AlwaysRefresh":false,"showFog":true,"showSkybox":true,"showFlares":true,"showImageEffects":true,"showParticleSystems":true,"showVisualEffectGraphs":true,"m_FxEnabled":true},"in2DMode":false,"pivot":{"x":629.3799438476563,"y":504.0642395019531,"z":377.7019348144531},"rotation":{"x":-0.08837054669857025,"y":0.01822287030518055,"z":-0.0016169545706361533,"w":-0.9959231019020081},"size":298.23541259765627,"orthographic":true}