{"cameraMode":{"drawMode":0,"name":"Shaded","section":"Shading Mode"},"sceneLighting":true,"audioPlay":false,"sceneViewState":{"m_AlwaysRefresh":false,"showFog":true,"showSkybox":true,"showFlares":true,"showImageEffects":true,"showParticleSystems":true,"showVisualEffectGraphs":true,"m_FxEnabled":true},"in2DMode":false,"pivot":{"x":629.7163696289063,"y":272.2662353515625,"z":342.66986083984377},"rotation":{"x":-0.07492953538894654,"y":0.004782247822731733,"z":-0.00036000649561174214,"w":-0.9971831440925598},"size":364.4326171875,"orthographic":true}